ID,Name,DOB,Alias,Address,Phone,X,Y,Color,Files
1,Elvis Aaron Presley,1/8/1935,King of Rock and Roll,"3764 Elvis Presley Boulevard, Memphis, TN 38116",555-555-0001,313.8888888888892,119.66666666666666,0,"[""files/1_elvis.jpg""]"
2,Robert Allen Zimmerman,5/24/1941,Bob Dylan,"2425 7th Ave East, Hibbing, MN 55746",555-555-0002,271.7777777777778,443.3333333333332,0,"[""files/2_bob.jpg""]"
3,John Winston Ono Lennon,10/9/1940,Dr. Winston O'Boogie,"251 Menlove Ave, Liverpool L25 7SA, UK",555-555-0003,1202.1111111111109,451.4444444444444,0,"[""files/3_john.jpg""]"
CONNECTIONS
From_ID,To_ID,Label
1,2,Turned down chance to meet the other
2,3,"Rode a cab together in London, 1966"
